# QuantLib 1.44-dev (commit 0191ca7); generated by quantlib-conformance/tools/export_fixtures
F,K,s,t,r,displacement,call,put,intrinsic
100,60,0.05,0.02,0.03,0,39.97600719856022,-0,39.97600719856022
100,60,0.05,1,0.03,0,38.81782134194032,3.0192210048782094e-25,38.81782134194032
100,60,0.05,10,0.03,0,29.634223704707225,0.0014948774385110132,29.632728827268714
100,60,0.25,0.02,0.03,0,39.97600719856022,2.40950287360218e-48,39.97600719856022
100,60,0.25,1,0.03,0,38.958920290277995,0.14109894833766962,38.81782134194032
100,60,0.25,10,0.03,0,36.42888828490516,6.796159457636453,29.632728827268714
100,60,0.8,0.02,0.03,0,39.976012836498214,5.637938000772136e-06,39.97600719856022
100,60,0.8,1,0.03,0,47.93315093386773,9.115329591927404,38.81782134194032
100,60,0.8,10,0.03,0,62.41046735008906,32.777738522820336,29.632728827268714
100,80,0.05,0.02,0.03,0,19.98800359928011,1.4247207947990057e-220,19.98800359928011
100,80,0.05,1,0.03,0,19.408914280865666,3.6098954932819205e-06,19.40891067097016
100,80,0.05,10,0.03,0,15.190250089376473,0.37388567574211956,14.816364413634357
100,80,0.25,0.02,0.03,0,19.988003599346193,6.609457618159514e-11,19.98800359928011
100,80,0.25,1,0.03,0,21.607542493996363,2.1986318230261963,19.40891067097016
100,80,0.25,10,0.03,0,28.66710236039636,13.850737946762004,14.816364413634357
100,80,0.8,0.02,0.03,0,20.080335549676523,0.09233195039640785,19.98800359928011
100,80,0.8,1,0.03,0,37.84297537925846,18.434064708288297,19.40891067097016
100,80,0.8,10,0.03,0,60.470441763302574,45.654077349668206,14.816364413634357
100,95,0.05,0.02,0.03,0,4.9970008998200415,1.8546261337750034e-14,4.997000899820027
100,95,0.05,1,0.03,0,5.227153396073093,0.3749257283305346,4.85222766774254
100,95,0.05,10,0.03,0,6.640293338801201,2.9362022353926065,3.7040911034085893
100,95,0.25,0.02,0.03,0,5.10979416655655,0.11279326673654097,4.997000899820027
100,95,0.25,1,0.03,0,12.034758726115172,7.182531058372632,4.85222766774254
100,95,0.25,10,0.03,0,24.097428541560017,20.393337438151427,3.7040911034085893
100,95,0.8,0.02,0.03,0,7.337779184284654,2.3407782844646268,4.997000899820027
100,95,0.8,1,0.03,0,31.894902368708056,27.04267470096551,4.85222766774254
100,95,0.8,10,0.03,0,59.21620983943214,55.512118736023545,3.7040911034085893
100,100,0.05,0.02,0.03,0,0.2819249983218516,0.2819249983218516,0
100,100,0.05,1,0.03,0,1.9355571481599967,1.9355571481599967,0
100,100,0.05,10,0.03,0,4.6680932609295525,4.6680932609295525,0
100,100,0.25,0.02,0.03,0,1.4095545136486842,1.4095545136486842,0
100,100,0.25,1,0.03,0,9.653647626602913,9.653647626602913,0
100,100,0.25,10,0.03,0,22.770323402192837,22.770323402192837,0
100,100,0.8,0.02,0.03,0,4.508404759981302,4.508404759981302,0
100,100,0.8,1,0.03,0,30.16566699241389,30.16566699241389,0
100,100,0.8,10,0.03,0,58.82813704745344,58.82813704745344,0
100,105,0.05,0.02,0.03,0,2.6251230594832003e-13,4.9970008998203115,0
100,105,0.05,1,0.03,0,0.43360610590957743,5.285833773652121,0
100,105,0.05,10,0.03,0,3.158235401887291,6.86232650529588,0
100,105,0.25,0.02,0.03,0,0.13870706733657387,5.135707967156606,0
100,105,0.25,1,0.03,0,7.655695129048963,12.507922796791497,0
100,105,0.25,10,0.03,0,21.52969251813674,25.23378362154533,0
100,105,0.8,0.02,0.03,0,2.5452268589675797,7.542227758787614,0
100,105,0.8,1,0.03,0,28.548165646254326,33.400393313996865,0
100,105,0.8,10,0.03,0,58.453197183876895,62.15728828728549,0
100,120,0.05,0.02,0.03,0,1.997958026226418e-148,19.98800359928011,0
100,120,0.05,1,0.03,0,0.00017189073426501658,19.409082561704434,0
100,120,0.05,10,0.03,0,0.7902614028971207,15.606625816531482,0
100,120,0.25,0.02,0.03,0,8.821392402281654e-08,19.98800368749402,0
100,120,0.25,1,0.03,0,3.596357688558665,23.005268359528834,0
100,120,0.25,10,0.03,0,18.266324012587337,33.082688426221694,0
100,120,0.8,0.02,0.03,0,0.27982451474075176,20.267828114020855,0
100,120,0.8,1,0.03,0,24.288201446371904,43.69711211734207,0
100,120,0.8,10,0.03,0,57.39836586509897,72.21473027873331,0
100,160,0.05,0.02,0.03,0,0,59.964010797840324,0
100,160,0.05,1,0.03,0,1.74136207816364e-21,58.22673201291049,0
100,160,0.05,10,0.03,0,0.006219462638954978,44.45531270354201,0
100,160,0.25,0.02,0.03,0,4.185239085487121e-41,59.964010797840324,0
100,160,0.25,1,0.03,0,0.3551070068295716,58.58183901974007,0
100,160,0.25,10,0.03,0,12.091907614777023,56.5410008556801,0
100,160,0.8,0.02,0.03,0,5.093793594976643e-05,59.96406173577627,0
100,160,0.8,1,0.03,0,16.19831249373707,74.42504450664757,0
100,160,0.8,10,0.03,0,54.98668597522901,99.43577921613206,0
0.035,0.03,0.4,10,0.02,0,0.01471172321165158,0.010618069446261666,0.004093653765389913
100,60,0.05,0.02,0.03,0.01,39.976007198560225,-0,39.97600719856022
100,60,0.05,1,0.03,0.01,38.81782134194033,3.0618075542426628e-25,38.81782134194032
100,60,0.05,10,0.03,0.01,29.634226261066974,0.0014974337982467559,29.632728827268714
100,60,0.25,0.02,0.03,0.01,39.976007198560225,2.4770039975933903e-48,39.97600719856022
100,60,0.25,1,0.03,0.01,38.95904132301504,0.14121998107471928,38.81782134194032
100,60,0.25,10,0.03,0.01,36.430756101626514,6.798027274357796,29.632728827268714
100,60,0.8,0.02,0.03,0.01,39.97601285357917,5.655018943414526e-06,39.97600719856022
100,60,0.8,1,0.03,0.01,47.935637501451545,9.117816159511214,38.81782134194032
100,60,0.8,10,0.03,0.01,62.416282010399385,32.783553183130664,29.632728827268714
100,80,0.05,0.02,0.03,0.01,19.98800359928011,1.5933914295400194e-220,19.98800359928011
100,80,0.05,1,0.03,0.01,19.408914290053676,3.6190835229244746e-06,19.40891067097016
100,80,0.05,10,0.03,0.01,15.190422908141095,0.37405849450674,14.816364413634357
100,80,0.25,0.02,0.03,0.01,19.988003599346534,6.641154318101326e-11,19.98800359928011
100,80,0.25,1,0.03,0.01,21.60819204125474,2.1992813702845844,19.40891067097016
100,80,0.25,10,0.03,0.01,28.669294929123048,13.85293051548869,14.816364413634357
100,80,0.8,0.02,0.03,0.01,20.08040015930163,0.09239656002153689,19.98800359928011
100,80,0.8,1,0.03,0.01,37.845882760113184,18.436972089143026,19.40891067097016
100,80,0.8,10,0.03,0.01,60.47631152155398,45.65994710791962,14.816364413634357
100,95,0.05,0.02,0.03,0.01,4.997000899820056,1.865220069192396e-14,4.997000899820027
100,95,0.05,1,0.03,0.01,5.2272677763412805,0.3750401085987379,4.85222766774254
100,95,0.05,10,0.03,0.01,6.640736270578615,2.9366451671700307,3.7040911034085893
100,95,0.25,0.02,0.03,0.01,5.109843384617935,0.11284248479789542,4.997000899820027
100,95,0.25,1,0.03,0.01,12.035704089652105,7.183476421909551,4.85222766774254
100,95,0.25,10,0.03,0.01,24.09970103065735,20.395609927248756,3.7040911034085893
100,95,0.8,0.02,0.03,0.01,7.338186040627348,2.341185140807314,4.997000899820027
100,95,0.8,1,0.03,0.01,31.89791306495055,27.04568539720801,4.85222766774254
100,95,0.8,10,0.03,0.01,59.222091962703225,55.518000859294624,3.7040911034085893
100,100,0.05,0.02,0.03,0.01,0.28195319082168274,0.28195319082168274,0
100,100,0.05,1,0.03,0.01,1.935750703874816,1.935750703874816,0
100,100,0.05,10,0.03,0.01,4.668560070255645,4.668560070255645,0
100,100,0.25,0.02,0.03,0.01,1.409695469100047,1.409695469100047,0
100,100,0.25,1,0.03,0.01,9.654612991365582,9.654612991365582,0
100,100,0.25,10,0.03,0.01,22.772600434533064,22.772600434533064,0
100,100,0.8,0.02,0.03,0.01,4.508855600457301,4.508855600457301,0
100,100,0.8,1,0.03,0.01,30.16868355911313,30.16868355911313,0
100,100,0.8,10,0.03,0.01,58.83401986115818,58.83401986115818,0
100,105,0.05,0.02,0.03,0.01,2.63809163165888e-13,4.997000899820283,0
100,105,0.05,1,0.03,0.01,0.43372636097214023,5.2859540287146745,0
100,105,0.05,10,0.03,0.01,3.1586805535393374,6.862771656947932,0
100,105,0.25,0.02,0.03,0.01,0.1387614716772107,5.135762371497233,0
100,105,0.25,1,0.03,0.01,7.656642379009665,12.508870046752206,0
100,105,0.25,10,0.03,0.01,21.531965439427164,25.236056542835748,0
100,105,0.8,0.02,0.03,0.01,2.5456377114670117,7.542638611287032,0
100,105,0.8,1,0.03,0.01,28.551176900958584,33.403404568701134,0
100,105,0.8,10,0.03,0.01,58.459079372884545,62.163170476293146,0
100,120,0.05,0.02,0.03,0.01,2.123710599385741e-148,19.98800359928011,0
100,120,0.05,1,0.03,0.01,0.0001721421437071913,19.409082813113862,0
100,120,0.05,10,0.03,0.01,0.7905018600779813,15.606866273712338,0
100,120,0.25,0.02,0.03,0.01,8.845141241196362e-08,19.988003687731513,0
100,120,0.25,1,0.03,0.01,3.597098675340053,23.00600934631022,0
100,120,0.25,10,0.03,0.01,18.26854430393551,33.08490871756987,0
100,120,0.8,0.02,0.03,0.01,0.27994775475365724,20.267951354033762,0
100,120,0.8,1,0.03,0.01,24.29114467543252,43.70005534640268,0
100,120,0.8,10,0.03,0.01,57.40423996035281,72.22060437398716,0
100,160,0.05,0.02,0.03,0.01,0,59.96401079784031,0
100,160,0.05,1,0.03,0.01,1.754094192855513e-21,58.226732012910475,0
100,160,0.05,10,0.03,0.01,0.00622514509879149,44.455318386001835,0
100,160,0.25,0.02,0.03,0.01,4.245673390102832e-41,59.96401079784031,0
100,160,0.25,1,0.03,0.01,0.35527343891917135,58.58200545182965,0
100,160,0.25,10,0.03,0.01,12.09383306867654,56.54292630957959,0
100,160,0.8,0.02,0.03,0.01,5.1019362436549625e-05,59.96406181720273,0
100,160,0.8,1,0.03,0.01,16.200873871166312,74.42760588407678,0
100,160,0.8,10,0.03,0.01,54.992511047981154,99.44160428888422,0
0.035,0.03,0.4,10,0.02,0.01,0.018564445400722166,0.01447079163533225,0.004093653765389913
100,60,0.05,0.02,0.03,0.03,39.97600719856022,-0,39.97600719856022
100,60,0.05,1,0.03,0.03,38.81782134194032,3.148739602036104e-25,38.81782134194032
100,60,0.05,10,0.03,0.03,29.63423138421789,0.0015025569491797488,29.632728827268714
100,60,0.25,0.02,0.03,0.03,39.97600719856022,2.617646916089477e-48,39.97600719856022
100,60,0.25,1,0.03,0.03,38.959283585295104,0.14146224335478055,38.81782134194032
100,60,0.25,10,0.03,0.03,36.43449202474083,6.8017631974721136,29.632728827268714
100,60,0.8,0.02,0.03,0.03,39.97601288787747,5.689317249614664e-06,39.97600719856022
100,60,0.8,1,0.03,0.03,47.940611012738195,9.122789670797879,38.81782134194032
100,60,0.8,10,0.03,0.03,62.42791138411197,32.79518255684325,29.632728827268714
100,80,0.05,0.02,0.03,0.03,19.98800359928011,1.9927778662796376e-220,19.98800359928011
100,80,0.05,1,0.03,0.03,19.40891430849134,3.6375211540832775e-06,19.40891067097016
100,80,0.05,10,0.03,0.03,15.190768661089434,0.37440424745507966,14.816364413634357
100,80,0.25,0.02,0.03,0.03,19.988003599347174,6.704973438766395e-11,19.98800359928011
100,80,0.25,1,0.03,0.03,21.609491308734064,2.200580637763906,19.40891067097016
100,80,0.25,10,0.03,0.03,28.673680122270458,13.857315708636099,14.816364413634357
100,80,0.8,0.02,0.03,0.03,20.080529462930517,0.09252586365040241,19.98800359928011
100,80,0.8,1,0.03,0.03,37.851697593851945,18.442786922881783,19.40891067097016
100,80,0.8,10,0.03,0.03,60.48805104682191,45.671686633187555,14.816364413634357
100,95,0.05,0.02,0.03,0.03,4.9970008998200415,1.8865802421176177e-14,4.997000899820027
100,95,0.05,1,0.03,0.03,5.227496573912433,0.37526890616989517,4.85222766774254
100,95,0.05,10,0.03,0.03,6.6416221484469595,2.9375310450383654,3.7040911034085893
100,95,0.25,0.02,0.03,0.03,5.109941852619073,0.11294095279904234,4.997000899820027
100,95,0.25,1,0.03,0.03,12.037594828907617,7.185367161165076,4.85222766774254
100,95,0.25,10,0.03,0.03,24.10424601164543,20.400154908236832,3.7040911034085893
100,95,0.8,0.02,0.03,0.03,7.3389997790181605,2.34199887919813,4.997000899820027
100,95,0.8,1,0.03,0.03,31.90393446104508,27.051706793302547,4.85222766774254
100,95,0.8,10,0.03,0.03,59.233856209670336,55.529765106261735,3.7040911034085893
100,100,0.05,0.02,0.03,0.03,0.282009575821345,0.282009575821345,0
100,100,0.05,1,0.03,0.03,1.936137815304441,1.936137815304441,0
100,100,0.05,10,0.03,0.03,4.669493688907831,4.669493688907831,0
100,100,0.25,0.02,0.03,0.03,1.4099773800027864,1.4099773800027864,0
100,100,0.25,1,0.03,0.03,9.656543720890904,9.656543720890904,0
100,100,0.25,10,0.03,0.03,22.777154499213502,22.777154499213502,0
100,100,0.8,0.02,0.03,0.03,4.509757281409298,4.509757281409298,0
100,100,0.8,1,0.03,0.03,30.174716692511613,30.174716692511613,0
100,100,0.8,10,0.03,0.03,58.845785488567664,58.845785488567664,0
100,105,0.05,0.02,0.03,0.03,2.664210188576755e-13,4.997000899820283,0
100,105,0.05,1,0.03,0.03,0.43396690460700205,5.286194572349543,0
100,105,0.05,10,0.03,0.03,3.1595708692237365,6.863661972632326,0
100,105,0.25,0.02,0.03,0.03,0.13887031068412833,5.1358712105041535,0
100,105,0.25,1,0.03,0.03,7.658536889435878,12.510764557178431,0
100,105,0.25,10,0.03,0.03,21.53651128441255,25.24060238782114,0
100,105,0.8,0.02,0.03,0.03,2.5464594388058868,7.543460338625921,0
100,105,0.8,1,0.03,0.03,28.557199413474166,33.40942708121671,0
100,105,0.8,10,0.03,0.03,58.47084375126556,62.174934854674156,0
100,120,0.05,0.02,0.03,0.03,2.3993384085153075e-148,19.98800359928011,0
100,120,0.05,1,0.03,0.03,0.00017264587972597563,19.409083316849895,0
100,120,0.05,10,0.03,0.03,0.790982861915129,15.607347275549477,0
100,120,0.25,0.02,0.03,0.03,8.892811032412391e-08,19.988003688208217,0
100,120,0.25,1,0.03,0.03,3.5985807563846306,23.007491427354804,0
100,120,0.25,10,0.03,0.03,18.27298491735432,33.089349330988675,0
100,120,0.8,0.02,0.03,0.03,0.28019432244189985,20.268197921722017,0
100,120,0.8,1,0.03,0.03,24.29703117327493,43.705941844245096,0
100,120,0.8,10,0.03,0.03,57.41598815563819,72.23235256927255,0
100,160,0.05,0.02,0.03,0.03,0,59.964010797840324,0
100,160,0.05,1,0.03,0.03,1.7798291527098234e-21,58.22673201291049,0
100,160,0.05,10,0.03,0.03,0.006236522015190047,44.45532976291827,0
100,160,0.25,0.02,0.03,0.03,4.3691275652927757e-41,59.964010797840324,0
100,160,0.25,1,0.03,0.03,0.35560644315934853,58.58233845606983,0
100,160,0.25,10,0.03,0.03,12.09768413104432,56.546777371947385,0
100,160,0.8,0.02,0.03,0.03,5.1182551697616315e-05,59.964061980392,0
100,160,0.8,1,0.03,0.03,16.20599682657141,74.4327288394819,0
100,160,0.8,10,0.03,0.03,55.004161221009056,99.45325446191214,0
0.035,0.03,0.4,10,0.02,0.03,0.026288272912941484,0.022194619147551574,0.004093653765389913
